Timestamp,Role,How long using TaskFlow,Primary calendar app,How do you currently track deadlines?,Pain points with current approach,Interest in calendar sync (1-5),Most important capability,Concerns about calendar sync,What would make this a must-have?,Company size,Industry
2024-11-15 09:23,Product Manager,2 years,Google Calendar,I manually add deadlines to my calendar,Tedious and I often forget to update when dates change,5,Two-way sync so calendar changes update TaskFlow,Privacy - don't want work tasks visible to everyone,If it could auto-block focus time before deadlines,51-200,SaaS
2024-11-15 10:45,Engineering Manager,1 year,Google Calendar,I check TaskFlow every morning,Sometimes I miss things when days get busy,4,See team deadlines in one view,Too many notifications,Integration with my existing workflow,201-500,FinTech
2024-11-15 11:02,Designer,6 months,Apple Calendar,I use reminders in TaskFlow,Have to switch between apps constantly,5,One-way sync TaskFlow to calendar,None really,Just make it work reliably,11-50,Agency
2024-11-15 14:30,Project Manager,3 years,Outlook,Spreadsheet alongside TaskFlow,Keeping two systems in sync is a nightmare,5,Bulk sync all project deadlines,Cluttering my calendar,If deadlines auto-updated when sprint dates change,501-1000,Enterprise
2024-11-15 15:12,Senior Developer,8 months,Google Calendar,I don't really - I rely on standup,Miss deadlines occasionally,3,Just show my assigned tasks,Adding another integration to manage,Simple toggle to show/hide tasks,51-200,Healthcare
2024-11-16 08:45,Head of Product,2 years,Google Calendar,Executive assistant manages my calendar,Delegation overhead,4,Shareable team calendar view,Data security for client projects,SSO and enterprise controls,201-500,Consulting
2024-11-16 09:30,UX Researcher,1 year,Google Calendar,Color-coded labels in calendar,Manual and error-prone,5,Automatic deadline events,Calendar getting too busy,Smart filtering - only show high priority,11-50,E-commerce
2024-11-16 10:15,Backend Developer,4 months,Apple Calendar,TaskFlow notifications only,Sometimes miss notifications when focused,2,Basic deadline visibility,Complexity,Keep it optional and simple,51-200,Gaming
2024-11-16 11:00,Product Owner,18 months,Outlook,Weekly review of TaskFlow board,Reactive not proactive,4,Sprint milestone sync,Outlook integration reliability,If it worked with recurring tasks,501-1000,Banking
2024-11-16 14:22,QA Lead,1 year,Google Calendar,Mental tracking mostly,Stressful and unreliable,5,All task types not just deadlines,Too many calendar events,Time blocking for estimated task duration,51-200,SaaS
2024-11-17 09:00,Startup Founder,3 months,Google Calendar,Everything in calendar already,Duplicating info in TaskFlow,4,Create tasks FROM calendar events,Yet another thing to configure,Bi-directional sync,1-10,Startup
2024-11-17 10:30,Marketing Manager,6 months,Google Calendar,TaskFlow + Asana + Calendar,Tool fatigue,5,Replace my Asana calendar sync,Learning curve,If it was better than Asana's version,51-200,Marketing
2024-11-17 11:45,Technical Lead,2 years,Google Calendar,Jira + Calendar integration,TaskFlow lacks this feature,5,Match what Jira offers,Nothing - I need this,Parity with Jira calendar features,201-500,Enterprise
2024-11-17 14:00,Operations Manager,9 months,Outlook,Manual calendar entries,Time consuming and often outdated,4,Automatic updates when tasks change,Sync conflicts,Real-time sync not daily batch,51-200,Logistics
2024-11-18 08:30,Data Analyst,1 year,Google Calendar,I just check TaskFlow on Mondays,Sometimes surprised by deadlines,3,Simple deadline alerts,Don't need full sync,Weekly digest email might be enough,11-50,Analytics
2024-11-18 09:15,Engineering Director,3 years,Google Calendar,Multiple Slack reminders,Noisy and scattered,4,Executive summary view,Information overload,Dashboard showing team capacity vs calendar,501-1000,Tech
2024-11-18 10:00,Content Writer,4 months,Apple Calendar,TaskFlow due dates only,No calendar visibility,5,See deadlines while planning content calendar,Privacy of draft content,If I could customize what syncs,11-50,Media
2024-11-18 11:30,DevOps Engineer,6 months,Google Calendar,PagerDuty + TaskFlow separately,Context switching,3,Just critical deadlines,Too many calendar subscriptions,Minimal viable integration,201-500,Infrastructure
2024-11-18 14:45,Customer Success Manager,1 year,Google Calendar,Client deadlines in calendar,No connection to internal tasks,4,Client milestone sync,Client data in personal calendar,Separate work/client calendars,51-200,SaaS
2024-11-19 09:00,VP Engineering,2 years,Google Calendar,Delegate to team leads,Lack of visibility,4,Team capacity planning view,Complexity for my reports,If it helped with resource planning,201-500,Series B Startup
